part_number,pipeSize,product_name,material,valve_size,pressureClass,pressure_rating,test_pressure,pressure_unit,bore_type,bore_size,end_connection,rtj_groove,groove_cladding,body_material,type,design_standard,gate_seat_material_and_coating,stem_material,standard_stud_nut_material,custom_stud_nut_material,operation,face_to_face,function,shape,seat_sealing,stem_packing,bonnet_seal_ring,stem_type,material_class,temperature_class,psl,psl_3g,pr,service,standard_painting_system,custom_painting,country_of_origin,application,weight,weight_unit,description,price_usd,pack_qty,lead_days,in_stock,inventory_available,inventory_on_hold,inventory_sold
1407M1,"3/8""",,Bronze,,150 psi,,,,,,,,,,,,,,,,,,,,,,,,,,,,,,,,,,,,,26.00,1,0,yes,0,0,0
1407M2,"3/8""",,Bronze,,300 psi,,,,,,,,,,,,,,,,,,,,,,,,,,,,,,,,,,,,,27.80,1,0,yes,0,0,0
1407M3,"3/8""",,Cast Iron,,150 psi,,,,,,,,,,,,,,,,,,,,,,,,,,,,,,,,,,,,,22.55,1,0,yes,0,0,0
1407M4,"3/8""",,Cast Iron,,300 psi,,,,,,,,,,,,,,,,,,,,,,,,,,,,,,,,,,,,,23.25,1,0,yes,0,0,0
1407M5,"3/8""",,316 Stainless Steel,,150 psi,,,,,,,,,,,,,,,,,,,,,,,,,,,,,,,,,,,,,23.90,1,0,yes,0,0,0
1407M6,"3/8""",,316 Stainless Steel,,300 psi,,,,,,,,,,,,,,,,,,,,,,,,,,,,,,,,,,,,,22.20,1,0,yes,0,0,0
1407M7,"1/2""",,Bronze,,150 psi,,,,,,,,,,,,,,,,,,,,,,,,,,,,,,,,,,,,,25.50,1,0,yes,0,0,0
1407M8,"1/2""",,Bronze,,300 psi,,,,,,,,,,,,,,,,,,,,,,,,,,,,,,,,,,,,,28.10,1,0,yes,0,0,0
1407M9,"1/2""",,Cast Iron,,150 psi,,,,,,,,,,,,,,,,,,,,,,,,,,,,,,,,,,,,,25.20,1,0,yes,0,0,0
1407M10,"1/2""",,Cast Iron,,300 psi,,,,,,,,,,,,,,,,,,,,,,,,,,,,,,,,,,,,,22.75,1,0,yes,0,0,0
1407M11,"1/2""",,316 Stainless Steel,,150 psi,,,,,,,,,,,,,,,,,,,,,,,,,,,,,,,,,,,,,26.85,1,0,yes,0,0,0
1407M12,"1/2""",,316 Stainless Steel,,300 psi,,,,,,,,,,,,,,,,,,,,,,,,,,,,,,,,,,,,,28.10,1,0,yes,0,0,0
1407M13,"3/4""",,Bronze,,150 psi,,,,,,,,,,,,,,,,,,,,,,,,,,,,,,,,,,,,,23.55,1,0,yes,0,0,0
1407M14,"3/4""",,Bronze,,300 psi,,,,,,,,,,,,,,,,,,,,,,,,,,,,,,,,,,,,,22.65,1,0,no,0,0,0
1407M15,"3/4""",,Cast Iron,,150 psi,,,,,,,,,,,,,,,,,,,,,,,,,,,,,,,,,,,,,23.80,1,0,yes,0,0,0
1407M16,"3/4""",,Cast Iron,,300 psi,,,,,,,,,,,,,,,,,,,,,,,,,,,,,,,,,,,,,24.10,1,0,yes,0,0,0
1407M17,"3/4""",,316 Stainless Steel,,150 psi,,,,,,,,,,,,,,,,,,,,,,,,,,,,,,,,,,,,,24.55,1,0,yes,0,0,0
1407M18,"3/4""",,316 Stainless Steel,,300 psi,,,,,,,,,,,,,,,,,,,,,,,,,,,,,,,,,,,,,23.70,1,0,yes,0,0,0
1407M19,"1""",,Bronze,,150 psi,,,,,,,,,,,,,,,,,,,,,,,,,,,,,,,,,,,,,22.60,1,0,yes,0,0,0
1407M20,"1""",,Bronze,,300 psi,,,,,,,,,,,,,,,,,,,,,,,,,,,,,,,,,,,,,25.85,1,0,yes,0,0,0
1407M21,"1""",,Cast Iron,,150 psi,,,,,,,,,,,,,,,,,,,,,,,,,,,,,,,,,,,,,25.60,1,0,yes,0,0,0
1407M22,"1""",,Cast Iron,,300 psi,,,,,,,,,,,,,,,,,,,,,,,,,,,,,,,,,,,,,23.05,1,0,no,0,0,0
1407M23,"1""",,316 Stainless Steel,,150 psi,,,,,,,,,,,,,,,,,,,,,,,,,,,,,,,,,,,,,24.20,1,0,yes,0,0,0
1407M24,"1""",,316 Stainless Steel,,300 psi,,,,,,,,,,,,,,,,,,,,,,,,,,,,,,,,,,,,,24.75,1,0,yes,0,0,0
1407M25,"1 1/4""",,Bronze,,150 psi,,,,,,,,,,,,,,,,,,,,,,,,,,,,,,,,,,,,,28.05,1,0,yes,0,0,0
1407M26,"1 1/4""",,Bronze,,300 psi,,,,,,,,,,,,,,,,,,,,,,,,,,,,,,,,,,,,,24.90,1,0,yes,0,0,0
1407M27,"1 1/4""",,Cast Iron,,150 psi,,,,,,,,,,,,,,,,,,,,,,,,,,,,,,,,,,,,,27.70,1,0,yes,0,0,0
1407M28,"1 1/4""",,Cast Iron,,300 psi,,,,,,,,,,,,,,,,,,,,,,,,,,,,,,,,,,,,,26.85,1,0,yes,0,0,0
1407M29,"1 1/4""",,316 Stainless Steel,,150 psi,,,,,,,,,,,,,,,,,,,,,,,,,,,,,,,,,,,,,23.05,1,0,yes,0,0,0
1407M30,"1 1/4""",,316 Stainless Steel,,300 psi,,,,,,,,,,,,,,,,,,,,,,,,,,,,,,,,,,,,,27.40,1,0,yes,0,0,0
1407M31,"1 1/2""",,Bronze,,150 psi,,,,,,,,,,,,,,,,,,,,,,,,,,,,,,,,,,,,,23.95,1,0,yes,0,0,0
1407M32,"1 1/2""",,Bronze,,300 psi,,,,,,,,,,,,,,,,,,,,,,,,,,,,,,,,,,,,,27.00,1,0,yes,0,0,0
1407M33,"1 1/2""",,Cast Iron,,150 psi,,,,,,,,,,,,,,,,,,,,,,,,,,,,,,,,,,,,,25.80,1,0,no,0,0,0
1407M34,"1 1/2""",,Cast Iron,,300 psi,,,,,,,,,,,,,,,,,,,,,,,,,,,,,,,,,,,,,27.95,1,0,yes,0,0,0
1407M35,"1 1/2""",,316 Stainless Steel,,150 psi,,,,,,,,,,,,,,,,,,,,,,,,,,,,,,,,,,,,,22.40,1,0,yes,0,0,0
1407M36,"1 1/2""",,316 Stainless Steel,,300 psi,,,,,,,,,,,,,,,,,,,,,,,,,,,,,,,,,,,,,28.05,1,0,yes,0,0,0
1407M37,"2""",,Bronze,,150 psi,,,,,,,,,,,,,,,,,,,,,,,,,,,,,,,,,,,,,24.80,1,0,yes,0,0,0
1407M38,"2""",,Bronze,,300 psi,,,,,,,,,,,,,,,,,,,,,,,,,,,,,,,,,,,,,24.75,1,0,yes,0,0,0
1407M39,"2""",,Cast Iron,,150 psi,,,,,,,,,,,,,,,,,,,,,,,,,,,,,,,,,,,,,27.10,1,0,yes,0,0,0
1407M40,"2""",,Cast Iron,,300 psi,,,,,,,,,,,,,,,,,,,,,,,,,,,,,,,,,,,,,24.70,1,0,yes,0,0,0
1407M41,"2""",,316 Stainless Steel,,150 psi,,,,,,,,,,,,,,,,,,,,,,,,,,,,,,,,,,,,,23.85,1,0,yes,0,0,0
1407M42,"2""",,316 Stainless Steel,,300 psi,,,,,,,,,,,,,,,,,,,,,,,,,,,,,,,,,,,,,23.05,1,0,yes,0,0,0
1407M43,"2 1/2""",,Bronze,,150 psi,,,,,,,,,,,,,,,,,,,,,,,,,,,,,,,,,,,,,26.80,1,0,yes,0,0,0
1407M44,"2 1/2""",,Bronze,,300 psi,,,,,,,,,,,,,,,,,,,,,,,,,,,,,,,,,,,,,24.90,1,0,yes,0,0,0
1407M45,"2 1/2""",,Cast Iron,,150 psi,,,,,,,,,,,,,,,,,,,,,,,,,,,,,,,,,,,,,24.50,1,0,yes,0,0,0
1407M46,"2 1/2""",,Cast Iron,,300 psi,,,,,,,,,,,,,,,,,,,,,,,,,,,,,,,,,,,,,27.30,1,0,yes,0,0,0
1407M47,"2 1/2""",,316 Stainless Steel,,150 psi,,,,,,,,,,,,,,,,,,,,,,,,,,,,,,,,,,,,,27.05,1,0,yes,0,0,0
1407M48,"2 1/2""",,316 Stainless Steel,,300 psi,,,,,,,,,,,,,,,,,,,,,,,,,,,,,,,,,,,,,27.55,1,0,yes,0,0,0
1407M49,"3""",,Bronze,,150 psi,,,,,,,,,,,,,,,,,,,,,,,,,,,,,,,,,,,,,23.20,1,0,yes,0,0,0
1407M50,"3""",,Bronze,,300 psi,,,,,,,,,,,,,,,,,,,,,,,,,,,,,,,,,,,,,27.80,1,0,yes,0,0,0
1407M51,"3""",,Cast Iron,,150 psi,,,,,,,,,,,,,,,,,,,,,,,,,,,,,,,,,,,,,22.20,1,0,yes,0,0,0
1407M52,"3""",,Cast Iron,,300 psi,,,,,,,,,,,,,,,,,,,,,,,,,,,,,,,,,,,,,22.35,1,0,yes,0,0,0
1407M53,"3""",,316 Stainless Steel,,150 psi,,,,,,,,,,,,,,,,,,,,,,,,,,,,,,,,,,,,,24.65,1,0,yes,0,0,0
1407M54,"3""",,316 Stainless Steel,,300 psi,,,,,,,,,,,,,,,,,,,,,,,,,,,,,,,,,,,,,24.15,1,0,yes,0,0,0
1407M55,"4""",,Bronze,,150 psi,,,,,,,,,,,,,,,,,,,,,,,,,,,,,,,,,,,,,27.65,1,0,yes,0,0,0
1407M56,"4""",,Bronze,,300 psi,,,,,,,,,,,,,,,,,,,,,,,,,,,,,,,,,,,,,27.80,1,0,yes,0,0,0
1407M57,"4""",,Cast Iron,,150 psi,,,,,,,,,,,,,,,,,,,,,,,,,,,,,,,,,,,,,25.25,1,0,yes,0,0,0
1407M58,"4""",,Cast Iron,,300 psi,,,,,,,,,,,,,,,,,,,,,,,,,,,,,,,,,,,,,22.20,1,0,yes,0,0,0
1407M59,"4""",,316 Stainless Steel,,150 psi,,,,,,,,,,,,,,,,,,,,,,,,,,,,,,,,,,,,,26.35,1,0,yes,0,0,0
1407M60,"4""",,316 Stainless Steel,,300 psi,,,,,,,,,,,,,,,,,,,,,,,,,,,,,,,,,,,,,22.95,1,0,yes,0,0,0
1407M61,"5""",,Bronze,,150 psi,,,,,,,,,,,,,,,,,,,,,,,,,,,,,,,,,,,,,27.15,1,0,yes,0,0,0
1407M62,"5""",,Bronze,,300 psi,,,,,,,,,,,,,,,,,,,,,,,,,,,,,,,,,,,,,25.95,1,0,yes,0,0,0
1407M63,"5""",,Cast Iron,,150 psi,,,,,,,,,,,,,,,,,,,,,,,,,,,,,,,,,,,,,27.45,1,0,yes,0,0,0
1407M64,"5""",,Cast Iron,,300 psi,,,,,,,,,,,,,,,,,,,,,,,,,,,,,,,,,,,,,27.00,1,0,yes,0,0,0
1407M65,"5""",,316 Stainless Steel,,150 psi,,,,,,,,,,,,,,,,,,,,,,,,,,,,,,,,,,,,,22.05,1,0,yes,0,0,0
1407M66,"5""",,316 Stainless Steel,,300 psi,,,,,,,,,,,,,,,,,,,,,,,,,,,,,,,,,,,,,27.55,1,0,yes,0,0,0
1000000001,,Gate Valve,,"2-1/16""",,3000,6000,Psi,Full,"2-1/16""",API 6B RTJ Flange,RX24,Available upon customer request,Forged AISI 4130 (API 60K),Slab - Through Conduit,API 6A,AISI 4130 + 200µ Tungsten Carbide (HVOF),AISI 410 + QPQ,ASTM A193 B7 / ASTM A194 2H,Available upon customer request,Handwheel,371 mm,On/Off,Straight,Lip-Seal,HNBR + PTFE,SS316,Non-Rising,DD,"P + U 
(-29 ~ +121 °C)",3,Available upon customer request,2,Sour Oil & Gas Service – Compliant with NACE MR0175 / ISO 15156,7E System – RAL 1003 Top Coat,Available upon customer request,IRAN,High-Pressure Oil & Gas Wellhead Isolation Service,80,kg,,0.00,1,0,yes,0,0,0
1000000002,,Gate Valve,,"2-1/16""",,3000,6000,Psi,Full,"2-1/16""",API 6B RTJ Flange,RX24,Available upon customer request,Forged AISI 4130 (API 60K),Slab - Through Conduit,API 6A,AISI 410 + 200µ Tungsten Carbide (HVOF),AISI 410 + QPQ,ASTM A193 B7 / ASTM A194 2H,Available upon customer request,Handwheel,371 mm,On/Off,Straight,Lip-Seal,HNBR + PTFE,SS316,Non-Rising,EE,"P + U 
(-29 ~ +121 °C)",3,Available upon customer request,2,Sour Oil & Gas Service – Compliant with NACE MR0175 / ISO 15156,7E System – RAL 1003 Top Coat,Available upon customer request,IRAN,High-Pressure Oil & Gas Wellhead Isolation Service,80,kg,,0.00,1,0,yes,0,0,0
1000000003,,Gate Valve,,"2-1/16""",,3000,6000,Psi,Full,"2-1/16""",API 6B RTJ Flange,RX24,Available upon customer request,Forged AISI 4130 (API 60K),Slab - Through Conduit,API 6A,AISI 410 + 200µ Tungsten Carbide (HVOF),INCONEL 718,ASTM A193 B7 / ASTM A194 2H,Available upon customer request,Handwheel,371 mm,On/Off,Straight,Lip-Seal,HNBR + PTFE,SS316,Non-Rising,EE-NL,"P + U 
(-29 ~ +121 °C)",3,Available upon customer request,2,Sour Oil & Gas Service – Compliant with NACE MR0175 / ISO 15156,7E System – RAL 1003 Top Coat,Available upon customer request,IRAN,High-Pressure Oil & Gas Wellhead Isolation Service,80,kg,,0.00,1,0,yes,0,0,0
1000000004,,Gate Valve,,"2-1/16""",,5000,7500,Psi,Full,"2-1/16""",API 6B RTJ Flange,RX24,Available upon customer request,Forged AISI 4130 (API 60K),Slab - Through Conduit,API 6A,AISI 4130 + 200µ Tungsten Carbide (HVOF),AISI 410 + QPQ,ASTM A193 B7 / ASTM A194 2H,Available upon customer request,Handwheel,371 mm,On/Off,Straight,Lip-Seal,HNBR + PTFE,SS316,Non-Rising,DD,"P + U 
(-29 ~ +121 °C)",3,Available upon customer request,2,Sour Oil & Gas Service – Compliant with NACE MR0175 / ISO 15156,7E System – RAL 1003 Top Coat,Available upon customer request,IRAN,High-Pressure Oil & Gas Wellhead Isolation Service,80,kg,,0.00,1,0,yes,0,0,0
1000000005,,Gate Valve,,"2-1/16""",,5000,7500,Psi,Full,"2-1/16""",API 6B RTJ Flange,RX24,Available upon customer request,Forged AISI 4130 (API 60K),Slab - Through Conduit,API 6A,AISI 410 + 200µ Tungsten Carbide (HVOF),AISI 410 + QPQ,ASTM A193 B7 / ASTM A194 2H,Available upon customer request,Handwheel,371 mm,On/Off,Straight,Lip-Seal,HNBR + PTFE,SS316,Non-Rising,EE,"P + U 
(-29 ~ +121 °C)",3,Available upon customer request,2,Sour Oil & Gas Service – Compliant with NACE MR0175 / ISO 15156,7E System – RAL 1003 Top Coat,Available upon customer request,IRAN,High-Pressure Oil & Gas Wellhead Isolation Service,80,kg,,0.00,1,0,yes,0,0,0
1000000006,,Gate Valve,,"2-1/16""",,5000,7500,Psi,Full,"2-1/16""",API 6B RTJ Flange,RX24,Available upon customer request,Forged AISI 4130 (API 60K),Slab - Through Conduit,API 6A,AISI 410 + 200µ Tungsten Carbide (HVOF),INCONEL 718,ASTM A193 B7 / ASTM A194 2H,Available upon customer request,Handwheel,371 mm,On/Off,Straight,Lip-Seal,HNBR + PTFE,SS316,Non-Rising,EE-NL,"P + U 
(-29 ~ +121 °C)",3,Available upon customer request,2,Sour Oil & Gas Service – Compliant with NACE MR0175 / ISO 15156,7E System – RAL 1003 Top Coat,Available upon customer request,IRAN,High-Pressure Oil & Gas Wellhead Isolation Service,80,kg,,0.00,1,0,yes,0,0,0
1000000007,,Gate Valve,,"2-1/16""",,10000,15000,Psi,Full,"2-1/16""",API 6BX RTJ Flange,BX152,Available upon customer request,Forged AISI 4130 (API 60K),Slab - Through Conduit,API 6A,AISI 4130 + 200µ Tungsten Carbide (HVOF),AISI 410 + QPQ,ASTM A193 B7 / ASTM A194 2H,Available upon customer request,Handwheel,521 mm,On/Off,Straight,Lip-Seal,HNBR + PTFE,SS316,Non-Rising,DD,"P + U 
(-29 ~ +121 °C)",3,Available upon customer request,2,Sour Oil & Gas Service – Compliant with NACE MR0175 / ISO 15156,7E System – RAL 1003 Top Coat,Available upon customer request,IRAN,High-Pressure Oil & Gas Wellhead Isolation Service,123,kg,,0.00,1,0,yes,0,0,0
1000000008,,Gate Valve,,"2-1/16""",,10000,15000,Psi,Full,"2-1/16""",API 6BX RTJ Flange,BX152,Available upon customer request,Forged AISI 4130 (API 60K),Slab - Through Conduit,API 6A,AISI 410 + 200µ Tungsten Carbide (HVOF),AISI 410 + QPQ,ASTM A193 B7 / ASTM A194 2H,Available upon customer request,Handwheel,521 mm,On/Off,Straight,Lip-Seal,HNBR + PTFE,SS316,Non-Rising,EE,"P + U 
(-29 ~ +121 °C)",3,Available upon customer request,2,Sour Oil & Gas Service – Compliant with NACE MR0175 / ISO 15156,7E System – RAL 1003 Top Coat,Available upon customer request,IRAN,High-Pressure Oil & Gas Wellhead Isolation Service,123,kg,,0.00,1,0,yes,0,0,0
1000000009,,Gate Valve,,"2-1/16""",,10000,15000,Psi,Full,"2-1/16""",API 6BX RTJ Flange,BX152,Available upon customer request,Forged AISI 4130 (API 60K),Slab - Through Conduit,API 6A,AISI 410 + 200µ Tungsten Carbide (HVOF),INCONEL 718,ASTM A193 B7 / ASTM A194 2H,Available upon customer request,Handwheel,521 mm,On/Off,Straight,Lip-Seal,HNBR + PTFE,SS316,Non-Rising,EE-NL,"P + U 
(-29 ~ +121 °C)",3,Available upon customer request,2,Sour Oil & Gas Service – Compliant with NACE MR0175 / ISO 15156,7E System – RAL 1003 Top Coat,Available upon customer request,IRAN,High-Pressure Oil & Gas Wellhead Isolation Service,123,kg,,0.00,1,0,yes,0,0,0
1000000010,,Gate Valve,,"3-1/8""",,3000,6000,Psi,Full,"3-1/8""",API 6B RTJ Flange,RX31,Available upon customer request,Forged AISI 4130 (API 60K),Slab - Through Conduit,API 6A,AISI 4130 + 200µ Tungsten Carbide (HVOF),AISI 410 + QPQ,ASTM A193 B7 / ASTM A194 2H,Available upon customer request,Handwheel,435 mm,On/Off,Straight,Lip-Seal,HNBR + PTFE,SS316,Non-Rising,DD,"P + U 
(-29 ~ +121 °C)",3,Available upon customer request,2,Sour Oil & Gas Service – Compliant with NACE MR0175 / ISO 15156,7E System – RAL 1003 Top Coat,Available upon customer request,IRAN,High-Pressure Oil & Gas Wellhead Isolation Service,118,kg,,0.00,1,0,yes,0,0,0
1000000011,,Gate Valve,,"3-1/8""",,3000,6000,Psi,Full,"3-1/8""",API 6B RTJ Flange,RX31,Available upon customer request,Forged AISI 4130 (API 60K),Slab - Through Conduit,API 6A,AISI 410 + 200µ Tungsten Carbide (HVOF),AISI 410 + QPQ,ASTM A193 B7 / ASTM A194 2H,Available upon customer request,Handwheel,435 mm,On/Off,Straight,Lip-Seal,HNBR + PTFE,SS316,Non-Rising,EE,"P + U 
(-29 ~ +121 °C)",3,Available upon customer request,2,Sour Oil & Gas Service – Compliant with NACE MR0175 / ISO 15156,7E System – RAL 1003 Top Coat,Available upon customer request,IRAN,High-Pressure Oil & Gas Wellhead Isolation Service,118,kg,,0.00,1,0,yes,0,0,0
1000000012,,Gate Valve,,"3-1/8""",,3000,6000,Psi,Full,"3-1/8""",API 6B RTJ Flange,RX31,Available upon customer request,Forged AISI 4130 (API 60K),Slab - Through Conduit,API 6A,AISI 410 + 200µ Tungsten Carbide (HVOF),INCONEL 718,ASTM A193 B7 / ASTM A194 2H,Available upon customer request,Handwheel,435 mm,On/Off,Straight,Lip-Seal,HNBR + PTFE,SS316,Non-Rising,EE-NL,"P + U 
(-29 ~ +121 °C)",3,Available upon customer request,2,Sour Oil & Gas Service – Compliant with NACE MR0175 / ISO 15156,7E System – RAL 1003 Top Coat,Available upon customer request,IRAN,High-Pressure Oil & Gas Wellhead Isolation Service,118,kg,,0.00,1,0,yes,0,0,0
1000000013,,Gate Valve,,"3-1/8""",,5000,7500,Psi,Full,"3-1/8""",API 6B RTJ Flange,RX35,Available upon customer request,Forged AISI 4130 (API 60K),Slab - Through Conduit,API 6A,AISI 4130 + 200µ Tungsten Carbide (HVOF),AISI 410 + QPQ,ASTM A193 B7 / ASTM A194 2H,Available upon customer request,Handwheel,473 mm,On/Off,Straight,Lip-Seal,HNBR + PTFE,SS316,Non-Rising,DD,"P + U 
(-29 ~ +121 °C)",3,Available upon customer request,2,Sour Oil & Gas Service – Compliant with NACE MR0175 / ISO 15156,7E System – RAL 1003 Top Coat,Available upon customer request,IRAN,High-Pressure Oil & Gas Wellhead Isolation Service,164,kg,,0.00,1,0,yes,0,0,0
1000000014,,Gate Valve,,"3-1/8""",,5000,7500,Psi,Full,"3-1/8""",API 6B RTJ Flange,RX35,Available upon customer request,Forged AISI 4130 (API 60K),Slab - Through Conduit,API 6A,AISI 410 + 200µ Tungsten Carbide (HVOF),AISI 410 + QPQ,ASTM A193 B7 / ASTM A194 2H,Available upon customer request,Handwheel,473 mm,On/Off,Straight,Lip-Seal,HNBR + PTFE,SS316,Non-Rising,EE,"P + U 
(-29 ~ +121 °C)",3,Available upon customer request,2,Sour Oil & Gas Service – Compliant with NACE MR0175 / ISO 15156,7E System – RAL 1003 Top Coat,Available upon customer request,IRAN,High-Pressure Oil & Gas Wellhead Isolation Service,164,kg,,0.00,1,0,yes,0,0,0
1000000015,,Gate Valve,,"3-1/8""",,5000,7500,Psi,Full,"3-1/8""",API 6B RTJ Flange,RX35,Available upon customer request,Forged AISI 4130 (API 60K),Slab - Through Conduit,API 6A,AISI 410 + 200µ Tungsten Carbide (HVOF),INCONEL 718,ASTM A193 B7 / ASTM A194 2H,Available upon customer request,Handwheel,473 mm,On/Off,Straight,Lip-Seal,HNBR + PTFE,SS316,Non-Rising,EE-NL,"P + U 
(-29 ~ +121 °C)",3,Available upon customer request,2,Sour Oil & Gas Service – Compliant with NACE MR0175 / ISO 15156,7E System – RAL 1003 Top Coat,Available upon customer request,IRAN,High-Pressure Oil & Gas Wellhead Isolation Service,164,kg,,0.00,1,0,yes,0,0,0
1000000016,,Gate Valve,,"3-1/16""",,10000,15000,Psi,Full,"3-1/16""",API 6BX RTJ Flange,BX154,Available upon customer request,Forged AISI 4130 (API 60K),Slab - Through Conduit,API 6A,AISI 4130 + 200µ Tungsten Carbide (HVOF),AISI 410 + QPQ,ASTM A193 B7 / ASTM A194 2H,Available upon customer request,Handwheel,619 mm,On/Off,Straight,Lip-Seal,HNBR + PTFE,SS316,Non-Rising,DD,"P + U 
(-29 ~ +121 °C)",3,Available upon customer request,2,Sour Oil & Gas Service – Compliant with NACE MR0175 / ISO 15156,7E System – RAL 1003 Top Coat,Available upon customer request,IRAN,High-Pressure Oil & Gas Wellhead Isolation Service,240,kg,,0.00,1,0,yes,0,0,0
1000000017,,Gate Valve,,"3-1/16""",,10000,15000,Psi,Full,"3-1/16""",API 6BX RTJ Flange,BX154,Available upon customer request,Forged AISI 4130 (API 60K),Slab - Through Conduit,API 6A,AISI 410 + 200µ Tungsten Carbide (HVOF),AISI 410 + QPQ,ASTM A193 B7 / ASTM A194 2H,Available upon customer request,Handwheel,619 mm,On/Off,Straight,Lip-Seal,HNBR + PTFE,SS316,Non-Rising,EE,"P + U 
(-29 ~ +121 °C)",3,Available upon customer request,2,Sour Oil & Gas Service – Compliant with NACE MR0175 / ISO 15156,7E System – RAL 1003 Top Coat,Available upon customer request,IRAN,High-Pressure Oil & Gas Wellhead Isolation Service,240,kg,,0.00,1,0,yes,0,0,0
1000000018,,Gate Valve,,"3-1/16""",,10000,15000,Psi,Full,"3-1/16""",API 6BX RTJ Flange,BX154,Available upon customer request,Forged AISI 4130 (API 60K),Slab - Through Conduit,API 6A,AISI 410 + 200µ Tungsten Carbide (HVOF),INCONEL 718,ASTM A193 B7 / ASTM A194 2H,Available upon customer request,Handwheel,619 mm,On/Off,Straight,Lip-Seal,HNBR + PTFE,SS316,Non-Rising,EE-NL,"P + U 
(-29 ~ +121 °C)",3,Available upon customer request,2,Sour Oil & Gas Service – Compliant with NACE MR0175 / ISO 15156,7E System – RAL 1003 Top Coat,Available upon customer request,IRAN,High-Pressure Oil & Gas Wellhead Isolation Service,240,kg,,0.00,1,0,yes,0,0,0
1000000019,,Gate Valve,,"4-1/16""",,3000,6000,Psi,Full,"4-1/16""",API 6B RTJ Flange,RX37,Available upon customer request,Forged AISI 4130 (API 60K),Slab - Through Conduit,API 6A,AISI 4130 + 200µ Tungsten Carbide (HVOF),AISI 410 + QPQ,ASTM A193 B7 / ASTM A194 2H,Available upon customer request,Handwheel,511 mm,On/Off,Straight,Lip-Seal,HNBR + PTFE,SS316,Non-Rising,DD,"P + U 
(-29 ~ +121 °C)",3,Available upon customer request,2,Sour Oil & Gas Service – Compliant with NACE MR0175 / ISO 15156,7E System – RAL 1003 Top Coat,Available upon customer request,IRAN,High-Pressure Oil & Gas Wellhead Isolation Service,205,kg,,0.00,1,0,yes,0,0,0
1000000020,,Gate Valve,,"4-1/16""",,3000,6000,Psi,Full,"4-1/16""",API 6B RTJ Flange,RX37,Available upon customer request,Forged AISI 4130 (API 60K),Slab - Through Conduit,API 6A,AISI 410 + 200µ Tungsten Carbide (HVOF),AISI 410 + QPQ,ASTM A193 B7 / ASTM A194 2H,Available upon customer request,Handwheel,511 mm,On/Off,Straight,Lip-Seal,HNBR + PTFE,SS316,Non-Rising,EE,"P + U 
(-29 ~ +121 °C)",3,Available upon customer request,2,Sour Oil & Gas Service – Compliant with NACE MR0175 / ISO 15156,7E System – RAL 1003 Top Coat,Available upon customer request,IRAN,High-Pressure Oil & Gas Wellhead Isolation Service,205,kg,,0.00,1,0,yes,0,0,0
1000000021,,Gate Valve,,"4-1/16""",,3000,6000,Psi,Full,"4-1/16""",API 6B RTJ Flange,RX37,Available upon customer request,Forged AISI 4130 (API 60K),Slab - Through Conduit,API 6A,AISI 410 + 200µ Tungsten Carbide (HVOF),INCONEL 718,ASTM A193 B7 / ASTM A194 2H,Available upon customer request,Handwheel,511 mm,On/Off,Straight,Lip-Seal,HNBR + PTFE,SS316,Non-Rising,EE-NL,"P + U 
(-29 ~ +121 °C)",3,Available upon customer request,2,Sour Oil & Gas Service – Compliant with NACE MR0175 / ISO 15156,7E System – RAL 1003 Top Coat,Available upon customer request,IRAN,High-Pressure Oil & Gas Wellhead Isolation Service,205,kg,,0.00,1,0,yes,0,0,0
1000000022,,Gate Valve,,"4-1/16""",,5000,7500,Psi,Full,"4-1/16""",API 6B RTJ Flange,RX39,Available upon customer request,Forged AISI 4130 (API 60K),Slab - Through Conduit,API 6A,AISI 4130 + 200µ Tungsten Carbide (HVOF),AISI 410 + QPQ,ASTM A193 B7 / ASTM A194 2H,Available upon customer request,Handwheel,549 mm,On/Off,Straight,Lip-Seal,HNBR + PTFE,SS316,Non-Rising,DD,"P + U 
(-29 ~ +121 °C)",3,Available upon customer request,2,Sour Oil & Gas Service – Compliant with NACE MR0175 / ISO 15156,7E System – RAL 1003 Top Coat,Available upon customer request,IRAN,High-Pressure Oil & Gas Wellhead Isolation Service,236,kg,,0.00,1,0,yes,0,0,0
1000000023,,Gate Valve,,"4-1/16""",,5000,7500,Psi,Full,"4-1/16""",API 6B RTJ Flange,RX39,Available upon customer request,Forged AISI 4130 (API 60K),Slab - Through Conduit,API 6A,AISI 410 + 200µ Tungsten Carbide (HVOF),AISI 410 + QPQ,ASTM A193 B7 / ASTM A194 2H,Available upon customer request,Handwheel,549 mm,On/Off,Straight,Lip-Seal,HNBR + PTFE,SS316,Non-Rising,EE,"P + U 
(-29 ~ +121 °C)",3,Available upon customer request,2,Sour Oil & Gas Service – Compliant with NACE MR0175 / ISO 15156,7E System – RAL 1003 Top Coat,Available upon customer request,IRAN,High-Pressure Oil & Gas Wellhead Isolation Service,236,kg,,0.00,1,0,yes,0,0,0
1000000024,,Gate Valve,,"4-1/16""",,5000,7500,Psi,Full,"4-1/16""",API 6B RTJ Flange,RX39,Available upon customer request,Forged AISI 4130 (API 60K),Slab - Through Conduit,API 6A,AISI 410 + 200µ Tungsten Carbide (HVOF),INCONEL 718,ASTM A193 B7 / ASTM A194 2H,Available upon customer request,Handwheel,549 mm,On/Off,Straight,Lip-Seal,HNBR + PTFE,SS316,Non-Rising,EE-NL,"P + U 
(-29 ~ +121 °C)",3,Available upon customer request,2,Sour Oil & Gas Service – Compliant with NACE MR0175 / ISO 15156,7E System – RAL 1003 Top Coat,Available upon customer request,IRAN,High-Pressure Oil & Gas Wellhead Isolation Service,236,kg,,0.00,1,0,yes,0,0,0
1000000025,,Gate Valve,,"4-1/16""",,10000,15000,Psi,Full,"4-1/16""",API 6BX RTJ Flange,BX155,Available upon customer request,Forged AISI 4130 (API 60K),Slab - Through Conduit,API 6A,AISI 4130 + 200µ Tungsten Carbide (HVOF),AISI 410 + QPQ,ASTM A193 B7 / ASTM A194 2H,Available upon customer request,Handwheel,670 mm,On/Off,Straight,Lip-Seal,HNBR + PTFE,SS316,Non-Rising,DD,"P + U 
(-29 ~ +121 °C)",3,Available upon customer request,2,Sour Oil & Gas Service – Compliant with NACE MR0175 / ISO 15156,7E System – RAL 1003 Top Coat,Available upon customer request,IRAN,High-Pressure Oil & Gas Wellhead Isolation Service,395,kg,,0.00,1,0,yes,0,0,0
1000000026,,Gate Valve,,"4-1/16""",,10000,15000,Psi,Full,"4-1/16""",API 6BX RTJ Flange,BX155,Available upon customer request,Forged AISI 4130 (API 60K),Slab - Through Conduit,API 6A,AISI 410 + 200µ Tungsten Carbide (HVOF),AISI 410 + QPQ,ASTM A193 B7 / ASTM A194 2H,Available upon customer request,Handwheel,670 mm,On/Off,Straight,Lip-Seal,HNBR + PTFE,SS316,Non-Rising,EE,"P + U 
(-29 ~ +121 °C)",3,Available upon customer request,2,Sour Oil & Gas Service – Compliant with NACE MR0175 / ISO 15156,7E System – RAL 1003 Top Coat,Available upon customer request,IRAN,High-Pressure Oil & Gas Wellhead Isolation Service,395,kg,,0.00,1,0,yes,0,0,0
1000000027,,Gate Valve,,"4-1/16""",,10000,15000,Psi,Full,"4-1/16""",API 6BX RTJ Flange,BX155,Available upon customer request,Forged AISI 4130 (API 60K),Slab - Through Conduit,API 6A,AISI 410 + 200µ Tungsten Carbide (HVOF),INCONEL 718,ASTM A193 B7 / ASTM A194 2H,Available upon customer request,Handwheel,670 mm,On/Off,Straight,Lip-Seal,HNBR + PTFE,SS316,Non-Rising,EE-NL,"P + U 
(-29 ~ +121 °C)",3,Available upon customer request,2,Sour Oil & Gas Service – Compliant with NACE MR0175 / ISO 15156,7E System – RAL 1003 Top Coat,Available upon customer request,IRAN,High-Pressure Oil & Gas Wellhead Isolation Service,395,kg,,0.00,1,0,yes,0,0,0
1000000028,,Gate Valve,,"7-1/16""",,3000,6000,Psi,Full,"6-3/8""",API 6B RTJ Flange,RX45,Available upon customer request,Forged AISI 4130 (API 60K),Slab - Through Conduit,API 6A,AISI 4130 + 200µ Tungsten Carbide (HVOF),AISI 410 + QPQ,ASTM A193 B7 / ASTM A194 2H,Available upon customer request,Handwheel,714 mm,On/Off,Straight,Lip-Seal,HNBR + PTFE,SS316,Non-Rising,DD,"P + U 
(-29 ~ +121 °C)",3,Available upon customer request,2,Sour Oil & Gas Service – Compliant with NACE MR0175 / ISO 15156,7E System – RAL 1003 Top Coat,Available upon customer request,IRAN,High-Pressure Oil & Gas Wellhead Isolation Service,851,kg,,0.00,1,0,yes,0,0,0
1000000029,,Gate Valve,,"7-1/16""",,3000,6000,Psi,Full,"6-3/8""",API 6B RTJ Flange,RX45,Available upon customer request,Forged AISI 4130 (API 60K),Slab - Through Conduit,API 6A,AISI 410 + 200µ Tungsten Carbide (HVOF),AISI 410 + QPQ,ASTM A193 B7 / ASTM A194 2H,Available upon customer request,Handwheel,714 mm,On/Off,Straight,Lip-Seal,HNBR + PTFE,SS316,Non-Rising,EE,"P + U 
(-29 ~ +121 °C)",3,Available upon customer request,2,Sour Oil & Gas Service – Compliant with NACE MR0175 / ISO 15156,7E System – RAL 1003 Top Coat,Available upon customer request,IRAN,High-Pressure Oil & Gas Wellhead Isolation Service,851,kg,,0.00,1,0,yes,0,0,0
1000000030,,Gate Valve,,"7-1/16""",,3000,6000,Psi,Full,"6-3/8""",API 6B RTJ Flange,RX45,Available upon customer request,Forged AISI 4130 (API 60K),Slab - Through Conduit,API 6A,AISI 410 + 200µ Tungsten Carbide (HVOF),INCONEL 718,ASTM A193 B7 / ASTM A194 2H,Available upon customer request,Handwheel,714 mm,On/Off,Straight,Lip-Seal,HNBR + PTFE,SS316,Non-Rising,EE-NL,"P + U 
(-29 ~ +121 °C)",3,Available upon customer request,2,Sour Oil & Gas Service – Compliant with NACE MR0175 / ISO 15156,7E System – RAL 1003 Top Coat,Available upon customer request,IRAN,High-Pressure Oil & Gas Wellhead Isolation Service,851,kg,,0.00,1,0,yes,0,0,0
1000000031,,Gate Valve,,"7-1/16""",,5000,7500,Psi,Full,"6-3/8""",API 6B RTJ Flange,RX46,Available upon customer request,Forged AISI 4130 (API 60K),Slab - Through Conduit,API 6A,AISI 4130 + 200µ Tungsten Carbide (HVOF),AISI 410 + QPQ,ASTM A193 B7 / ASTM A194 2H,Available upon customer request,Handwheel,813 mm,On/Off,Straight,Lip-Seal,HNBR + PTFE,SS316,Non-Rising,DD,"P + U 
(-29 ~ +121 °C)",3,Available upon customer request,2,Sour Oil & Gas Service – Compliant with NACE MR0175 / ISO 15156,7E System – RAL 1003 Top Coat,Available upon customer request,IRAN,High-Pressure Oil & Gas Wellhead Isolation Service,896,kg,,0.00,1,0,yes,0,0,0
1000000032,,Gate Valve,,"7-1/16""",,5000,7500,Psi,Full,"6-3/8""",API 6B RTJ Flange,RX46,Available upon customer request,Forged AISI 4130 (API 60K),Slab - Through Conduit,API 6A,AISI 410 + 200µ Tungsten Carbide (HVOF),AISI 410 + QPQ,ASTM A193 B7 / ASTM A194 2H,Available upon customer request,Handwheel,813 mm,On/Off,Straight,Lip-Seal,HNBR + PTFE,SS316,Non-Rising,EE,"P + U 
(-29 ~ +121 °C)",3,Available upon customer request,2,Sour Oil & Gas Service – Compliant with NACE MR0175 / ISO 15156,7E System – RAL 1003 Top Coat,Available upon customer request,IRAN,High-Pressure Oil & Gas Wellhead Isolation Service,896,kg,,0.00,1,0,yes,0,0,0
1000000033,,Gate Valve,,"7-1/16""",,5000,7500,Psi,Full,"6-3/8""",API 6B RTJ Flange,RX46,Available upon customer request,Forged AISI 4130 (API 60K),Slab - Through Conduit,API 6A,AISI 410 + 200µ Tungsten Carbide (HVOF),INCONEL 718,ASTM A193 B7 / ASTM A194 2H,Available upon customer request,Handwheel,813 mm,On/Off,Straight,Lip-Seal,HNBR + PTFE,SS316,Non-Rising,EE-NL,"P + U 
(-29 ~ +121 °C)",3,Available upon customer request,2,Sour Oil & Gas Service – Compliant with NACE MR0175 / ISO 15156,7E System – RAL 1003 Top Coat,Available upon customer request,IRAN,High-Pressure Oil & Gas Wellhead Isolation Service,896,kg,,0.00,1,0,yes,0,0,0
1000000034,,Gate Valve,,"7-1/16""",,10000,15000,Psi,Full,"6-3/8""",API 6BX RTJ Flange,BX156,Available upon customer request,Forged AISI 4130 (API 60K),Slab - Through Conduit,API 6A,AISI 4130 + 200µ Tungsten Carbide (HVOF),AISI 410 + QPQ,ASTM A193 B7 / ASTM A194 2H,Available upon customer request,Handwheel,889 mm,On/Off,Straight,Lip-Seal,HNBR + PTFE,SS316,Non-Rising,DD,"P + U 
(-29 ~ +121 °C)",3,Available upon customer request,2,Sour Oil & Gas Service – Compliant with NACE MR0175 / ISO 15156,7E System – RAL 1003 Top Coat,Available upon customer request,IRAN,High-Pressure Oil & Gas Wellhead Isolation Service,1134,kg,,0.00,1,0,yes,0,0,0
1000000035,,Gate Valve,,"7-1/16""",,10000,15000,Psi,Full,"6-3/8""",API 6BX RTJ Flange,BX156,Available upon customer request,Forged AISI 4130 (API 60K),Slab - Through Conduit,API 6A,AISI 410 + 200µ Tungsten Carbide (HVOF),AISI 410 + QPQ,ASTM A193 B7 / ASTM A194 2H,Available upon customer request,Handwheel,889 mm,On/Off,Straight,Lip-Seal,HNBR + PTFE,SS316,Non-Rising,EE,"P + U 
(-29 ~ +121 °C)",3,Available upon customer request,2,Sour Oil & Gas Service – Compliant with NACE MR0175 / ISO 15156,7E System – RAL 1003 Top Coat,Available upon customer request,IRAN,High-Pressure Oil & Gas Wellhead Isolation Service,1134,kg,,0.00,1,0,yes,0,0,0
1000000036,,Gate Valve,,"7-1/16""",,10000,15000,Psi,Full,"6-3/8""",API 6BX RTJ Flange,BX156,Available upon customer request,Forged AISI 4130 (API 60K),Slab - Through Conduit,API 6A,AISI 410 + 200µ Tungsten Carbide (HVOF),INCONEL 718,ASTM A193 B7 / ASTM A194 2H,Available upon customer request,Handwheel,889 mm,On/Off,Straight,Lip-Seal,HNBR + PTFE,SS316,Non-Rising,EE-NL,"P + U 
(-29 ~ +121 °C)",3,Available upon customer request,2,Sour Oil & Gas Service – Compliant with NACE MR0175 / ISO 15156,7E System – RAL 1003 Top Coat,Available upon customer request,IRAN,High-Pressure Oil & Gas Wellhead Isolation Service,1134,kg,,0.00,1,0,yes,0,0,0
